{"epoch": 17, "loss": 364.64554983377457, "contrastive_loss": 0.9166666865348816, "_timestamp": 1747526621.3491406, "_runtime": 1481.7141666412354, "_step": 16, "_wandb": {"runtime": 1510}}