{"epoch": 9, "loss": 332.5636910200119, "contrastive_loss": 1.0004069805145264, "_timestamp": 1747528609.8867214, "_runtime": 855.4464814662933, "_step": 8, "_wandb": {"runtime": 930}}