{"epoch": 1, "loss": Infinity, "contrastive_loss": Infinity, "_timestamp": 1747513694.0075283, "_runtime": 81.43779134750366, "_step": 0, "_wandb": {"runtime": 131}}