{"epoch": 2, "loss": 21.75007207132876, "contrastive_loss": 0.0546061210334301, "_timestamp": 1747922925.4760008, "_runtime": 70.86076068878174, "_step": 1}