{"epoch": 1, "loss": 41.88864954933524, "contrastive_loss": 0.0764973983168602, "_timestamp": 1747651626.1625168, "_runtime": 755.635559797287, "_step": 0}