{"epoch": 21, "loss": 172.24271515011787, "contrastive_loss": 0.4995320737361908, "_timestamp": 1747514684.0971427, "_runtime": 1826.3642706871033, "_step": 20, "_wandb": {"runtime": 1830}}