{"epoch": 100, "loss": 5.260036132764071, "contrastive_loss": 0.0185546875, "_timestamp": 1747662398.9189737, "_runtime": 8948.972547769547, "_step": 99, "_wandb": {"runtime": 8950}}