{"epoch": 200, "loss": 4.700058347545564, "contrastive_loss": 0.02196473255753517, "_timestamp": 1747931860.9842246, "_runtime": 7616.851291656494, "_step": 199, "_wandb": {"runtime": 7618}}