{"epoch": 8, "loss": 17.881470520049334, "contrastive_loss": 0.0928548201918602, "_timestamp": 1747923905.9618328, "_runtime": 304.35882687568665, "_step": 7}