{"epoch": 200, "loss": 16.322365283966064, "_timestamp": 1749482363.6597507, "_runtime": 11428.858976602554, "_step": 199, "_wandb": {"runtime": 11429}}