{"epoch": 2, "loss": 329.61386984586716, "contrastive_loss": 1.1249186992645264, "_timestamp": 1747514316.5728219, "_runtime": 173.22770190238953, "_step": 1, "_wandb": {"runtime": 185}}