{"epoch": 110, "loss": 329.90411734580994, "contrastive_loss": 0.8465169668197632, "_timestamp": 1747538592.899438, "_runtime": 9865.094199895859, "_step": 109}