{"epoch": 86, "loss": 3.491725323998253, "_timestamp": 1749495738.7712104, "_runtime": 6913.128157377243, "_step": 85}