{"epoch": 189, "loss": 2.181286195816938, "_timestamp": 1749503132.3075955, "_runtime": 14306.6645424366, "_step": 188}