{"epoch": 53, "loss": 4.21856485522585, "_timestamp": 1749492982.306088, "_runtime": 4156.663034915924, "_step": 52}