{"epoch": 32, "loss": 6.665945149899926, "_timestamp": 1749836888.3968818, "_runtime": 2709.3662548065186, "_step": 31}