{"epoch": 107, "loss": 37.763953775167465, "contrastive_loss": 0.0026448569260537624, "regression_loss": 1.5147080421447754, "_timestamp": 1747434159.0921922, "_runtime": 13654.545169115067, "_step": 106}