{"epoch": 8, "loss": 334.29785603284836, "contrastive_loss": 0.8333333730697632, "_timestamp": 1747527609.367783, "_runtime": 714.7615389823914, "_step": 7, "_wandb": {"runtime": 787}}