{"epoch": 131, "loss": 4.88290673494339, "contrastive_loss": 0.009033203125, "_timestamp": 1747601045.5562923, "_runtime": 12340.679470300674, "_step": 130}