{"epoch": 65, "loss": 90.96544447541237, "contrastive_loss": 0.0753580778837204, "regression_loss": 1.3470587730407715, "_timestamp": 1747354592.2959826, "_runtime": 6022.069310665131, "_step": 64}