{"epoch": 108, "loss": 329.4871828556061, "contrastive_loss": 0.8495280146598816, "_timestamp": 1747524022.9505844, "_runtime": 9652.620414495468, "_step": 107, "_wandb": {"runtime": 9736}}