{"epoch": 1, "loss": NaN, "_timestamp": 1749833889.1319046, "_runtime": 74.40453362464905, "_step": 0, "_wandb": {"runtime": 81}}