{"epoch": 2, "loss": 38.79759123176336, "contrastive_loss": 0.1962897926568985, "_timestamp": 1747939654.7888474, "_runtime": 75.21921133995056, "_step": 1}